2090012828:71664 Cunningham Plains Apt. 550:Ward, Wilson and Andersen:Gregory Mosley
2007716945:430 Stewart Key:Hernandez and Sons:Craig Andrews
2022138661:93456 Davis Circles:Cabrera LLC:Tonya Williams
2012547790:9746 Susan Shoals:Miller-Peterson:Janet Johnson
2007723091:63479 Dickerson Mount:Allen, Jones and Jackson:Tyler Montoya
2029663130:3735 Moreno Shore Apt. 976:Bowers, Nichols and Edwards:Shannon Mcfarland
2045496567:8261 Tucker Grove Suite 947:Colon-Santiago:Billy Houston
2034813826:791 Howell Point:Obrien, Gould and Thompson:Timothy Fitzpatrick
2098600017:6626 Costa Knoll:Richmond-Robinson:George Smith
2094478396:9857 Amanda Course:Young-Diaz:Craig Thomas
2021333752:7797 Haynes Springs:Soto, Fisher and Moore:Nicole Smith
2064811188:856 Rebecca Islands Apt. 107:Cole-Ruiz:Morgan Hernandez
2014778857:562 Aaron Points Apt. 868:Barton Ltd:Patrick Rodriguez
2017655412:9282 Mary Center Suite 932:Duarte Inc:Taylor Molina
2061387973:972 White Pines:Moss-Boone:John Hicks
2017743400:900 Young Row Apt. 771:Thompson Group:Alicia Lee
2076292383:348 Alex Ridge Apt. 917:Valdez and Sons:Ashley Hutchinson
2030723792:5246 Medina Shores:Pennington-Palmer:Sarah Brown
2027022958:2508 Tony Village:Oneal, Kaufman and Reed:Melissa Johnson
2027117026:54780 Michael Spurs:Bridges PLC:Madeline Henry
2093538191:56673 Brady Route:Daniels-Stewart:Susan Patel
2077656990:4505 Campbell Green:Mejia, Taylor and Murillo:David Villarreal
2028004488:7297 Tasha Skyway:Ochoa and Sons:Alexandra Carter
2023785967:34790 Christopher Gardens Apt. 413:Anderson, Wu and Osborne:Katherine Daniels
2073496735:8297 Nelson Plaza:Curtis, Grant and Dean:Dominique Williams
2073069496:825 Jay Lake:Chang PLC:Erika Hoffman
2093624066:65988 James Valley:Parker LLC:Christopher Schultz
2048398747:8568 Phillips Ville Suite 571:Cline Inc:Christopher Wallace
2083404137:091 Gibson Shore:Stevens-Perry:Alvin Stewart
2012072822:2472 Kimberly Knolls Apt. 288:Lewis LLC:Andrea Garcia
2031477732:78480 Shelley Mall:Jackson, Johnson and Fowler:Jeffrey Jensen
2069248666:182 Nancy Isle:Harvey Inc:Dr. James Smith
2032410611:733 Melinda Mews:Wells, Martin and Becker:Ethan Willis
2022890595:984 Serrano Way:Wilson, Salazar and Goodman:Steven Nunez
2036361705:024 Pitts Falls:Rogers-Lee:Robert Morrow
2071052887:88528 Nicholas Fort:Osborne-Taylor:Angela Jones
2078893090:9788 Shannon Motorway:Ward, Hammond and Cherry:Cynthia Barnes
2015583946:516 Cervantes Forges Apt. 828:Bradley Inc:Erin Walker
2044729090:38401 Mitchell Coves Suite 527:Page PLC:Jared Moreno
2085541349:941 Sandoval Points Apt. 642:Miller, Estes and Reed:Matthew Benjamin
2040318407:3577 Rita Meadows:Phillips LLC:Laura Martinez
2089452249:90617 Ashley Wall Suite 703:Nelson-Thompson:Jeffrey Spencer
2049872425:179 Ruiz Hills:Moore LLC:Veronica Cook
2077788085:998 Johnson Fall:Walker LLC:Bryan Brown
2020510163:39428 Romero Gateway:Owens, Ryan and Jacobson:Renee Martinez
2065325798:9235 Johnson Extensions Apt. 731:Crawford, Reyes and Davis:Tara James
2094421120:89810 Wyatt Shore Suite 486:Lutz-Thomas:Paul Shaw
2067157691:685 Kathy Alley Apt. 253:Bell Ltd:Anthony Freeman
2006656542:3246 Debbie Estate:Trujillo, Huber and Hart:Andrew Escobar
2079376087:352 Hanson Stream Suite 028:Wade Inc:Glenda Jones
2084730853:80400 Haley Vista Suite 851:Thompson Inc:Rebecca Watkins
2037296154:893 Monica Plaza:Cole-Jackson:Brian Collier
2061076784:62459 Washington Villages:Smith-Schroeder:Jay Gregory
2041577227:4844 Anthony Mount:Juarez-Scott:Kristina Bush
2015799404:63281 Allen Inlet:Randolph Inc:Paul Cole
2026406692:28732 Jeffery Fords Apt. 090:Martinez, Smith and Wade:Christopher Gutierrez
2099293679:265 Marie Freeway:Moss Ltd:Dr. Alicia Guerrero
2057564392:328 Lisa Overpass Apt. 829:Valdez PLC:Kevin Crawford
2092787625:48859 Serrano Green:Brennan-Perry:Joseph Pitts
2021892494:479 Beck Manor Suite 195:Brown and Sons:Andre Owens
2014784738:4563 Daniel Island:Carr Ltd:Kathleen Dodson
2031305596:1522 Danielle Parkways Suite 044:Jones-Hendrix:Joseph Gibson
2029424339:8441 Terry Stravenue Suite 181:Flowers, Gilbert and Bolton:Julian Nguyen
2026588146:48255 Matthew Parkways:Adams, Blackburn and Barrett:Mark Norris
2016590751:73257 Jeremy Parkway Apt. 311:Johnson, Miller and Parsons:Eric Larson
2052652069:5402 Christian Valley Suite 531:Stevenson, Tucker and Smith:Dustin Lee
2095690145:27868 Laura Underpass Apt. 885:Terrell, Willis and Reynolds:Stephen Green
2000245243:61895 Robert Neck Apt. 547:Cooper-Johnson:Michael Morgan
2069505973:96993 Phillips Burgs Suite 057:Cameron Group:Ricky Delacruz
2018624571:7701 King Plaza:Oneal, Hess and Wagner:Laura Floyd
2077732850:7350 William Key:Powell, Cohen and Hansen:Melissa Shaw
2005424268:243 Bell Flat Apt. 019:Wilkinson-Hall:Samantha Juarez
2091134831:67620 Cody Center:Hall LLC:Abigail Le
2090606514:4320 Nathaniel Plaza:Thompson, Mercado and Henry:Tommy Graves
2014238761:3725 Ingram Forge:Cervantes Inc:Jamie Walsh
2090800616:59040 Stephanie Trafficway:Jones LLC:Frank Russell
2011021136:94500 Miller Park:Ward-Briggs:Eric Brooks
2006472238:30420 Smith Station:Mendoza-Lutz:Alyssa Anderson
2003545707:86591 Hale Club:Ware, Macias and Love:Joseph Ponce
2044078812:77881 Rivera Lakes Apt. 697:Jones-Oneill:Miss Danielle Chen
2028611378:32892 Sharon Street:Gardner, Mccullough and Reynolds:Robert Williams
2057064642:3511 Michael Skyway Suite 906:Ortiz LLC:Kyle Higgins
2016395356:91528 Cox Avenue:Green Inc:Devin Johnson
2026986892:07663 Williams Avenue Suite 786:Daniels-Kelly:Eric Logan
2000122913:762 Cooper Coves Apt. 304:Roth and Sons:Jessica Kennedy
2074804369:68855 Garcia Dale:Jones, Thompson and Phillips:Alicia Mayer
2090060554:551 Ethan Lane Apt. 379:Rubio Ltd:Connie Wagner
2084658942:9915 John Highway:Roberts-Best:Jessica Mccall
2048163072:08991 Michael Stream:Bailey Group:Kenneth Boyd
2087678414:5096 Christopher Row Suite 620:Thompson LLC:Kaitlin Andersen
2046155841:4873 Hunter Extensions Suite 678:Orozco, Mitchell and Murray:Gregory Wells
2034902929:4946 Kevin Corner:Roach Group:Michael Woodard
2062335505:185 Christopher Knolls:Torres Ltd:Jill Rios
2075144034:2552 Anthony Expressway:Spencer Group:Carrie Santos
2087387289:0492 Cobb Skyway Apt. 945:Miles Inc:Steven Griffin
2029439999:35895 Gross Burg:Moreno and Sons:Madison Johnston
2074985113:316 Underwood Drive:Harris-Rodriguez:Shannon Tyler
2055601914:02287 Smith Parkway:Cohen-Jackson:Robert Green
2023034045:999 Harrison Lakes Apt. 193:Snyder Group:Crystal Hughes
2045125499:839 Emily Rest:Davis-Koch:Timothy Sanchez
2026738287:88524 Burke Cove Apt. 531:Thomas, Wilson and Patterson:Adam Jones
2088328237:9527 Jimenez Plaza Suite 156:Green, Lopez and Reeves:Andrew Mathis
2099081716:55574 Hale Trafficway Apt. 560:Sullivan LLC:Danny Webb
2075467719:4913 Pennington Keys Suite 213:Kelly and Sons:Nicholas Arroyo
2049110845:480 Vasquez Canyon Apt. 768:Lewis, Harris and Horton:John Jordan
2008977476:7454 Samantha Groves:Bean Group:Linda Washington
2050862810:7233 Harris Junction Suite 081:Green Group:Monica Smith
2084540453:741 Nathan Ferry Suite 045:Sanders-Holland:Tonya Jones MD
2038931319:21764 Moore Extension:Martin-Murphy:Maurice Torres
2080952760:6819 Tapia Harbors:Green-Phillips:Mark Woods
2075619978:88730 Tyler Crossroad:Rodgers-Miller:Melissa Weiss
2048531143:657 Steven Ferry Apt. 812:Sharp, Smith and Morgan:Sydney Little
2075605376:68876 Collins Dale Suite 031:Sharp-Brown:Ruben Alexander
2023977205:8278 Erin Lock:Reeves Group:Patricia Ballard
2087110669:58704 Wendy Station Suite 450:Hicks, Reeves and Robertson:Kristin Craig
2062980260:98420 Anthony Island Suite 570:Russell and Sons:Andrea Thompson
2050763034:6409 Howard Camp Apt. 535:Singh, Hill and Yang:Wendy Small
2014408043:150 Morrow Hollow:Price-Wood:Colleen Phillips
2086022503:63663 Allison Roads:Wilson-Gutierrez:David West
2083288568:32901 Juan Fork Suite 098:Ramirez, Torres and Soto:Vanessa Craig
2091322251:65344 Carolyn Haven:Grant, Flores and Wheeler:Jason Wilson
2070299211:551 Reed Spring Apt. 118:Daugherty-Livingston:Ellen Hernandez
2070513807:01563 Ford Mews Suite 354:Arnold Inc:Leslie Bailey
2038420830:61840 Nguyen Parkway:Smith Group:Andrew Rogers
2055346905:21682 Gonzales Oval Suite 593:Walker, Brown and Cummings:Reginald Bush
2087430211:46404 Guerra Harbor:Ramirez Group:Olivia Hunter
2023656538:88199 Black Point:Hall, Jones and Hamilton:Nicholas Williams
2091448019:51535 Jerry Manors Suite 580:Wolfe, Robinson and Dennis:Stephen Martin
2091681388:7765 Porter Spring Suite 375:Flynn and Sons:Cynthia Delgado
2010426789:299 Alan Rapid:Fox-Reed:Michael Murphy
2011564442:6369 Wiley Pass Apt. 286:Kennedy, Turner and Rhodes:Amy Whitney
2060737494:0788 Gilbert Branch:Diaz-Wade:Cynthia Diaz
2013193099:4452 Pratt Ferry:Clark Group:Amanda Nicholson
2049438550:5985 Espinoza Cape Apt. 454:Chapman-Brown:Erin Young
2056368989:27940 Walls Squares:Hall and Sons:Amanda Perry
2018030053:2631 Erika Throughway Apt. 257:Page-Smith:Tanya Mcbride
2072378289:078 April Crossroad:Heath and Sons:Stacy Roman
2007337055:527 Kelsey Glens Apt. 736:Watts, Hogan and Hill:Janet Carlson
2033128035:7720 Johnson Gateway:Harris-Perez:Megan Edwards
2090800255:483 Justin Keys Suite 367:Porter-Beltran:John Johnson
2035050946:59489 Evans Curve Apt. 432:Smith Inc:Jesse Williams
2065786423:1941 Alexander Grove:Sandoval-Harris:David Dixon
2095033539:8444 Smith Club Suite 210:Lee, Yang and Anderson:Tracy Henry
2016436005:23011 Clark Common Apt. 696:Beck Ltd:Colton Obrien
2035877700:0538 Alec Plains Apt. 679:Pineda-Welch:Alexandra Raymond
2032853932:39564 Nathan Greens:Ritter, Miller and Warner:David Marshall
2065476603:45076 Michael Ridge:Johnson, Reed and Hall:Angela Hawkins
2076789424:3083 Brandi Grove:Parrish Inc:Sandra Case
2066295728:9814 Pamela Plaza Suite 490:Rowe-Gutierrez:Mrs. Debbie Castillo
2014704548:72154 Randy Field:Jackson and Sons:Robert Cooper
2093160084:14943 Chung Underpass:Martin, Williams and Montoya:Elizabeth Todd
2027772008:87420 Brooks Ridge:James PLC:Amber Carr DDS
2096041821:7414 Michele Lake:Nichols, Rivera and Barton:Henry White
2065036793:25342 Diane Keys:Bradshaw, Johnson and Farrell:Frederick Walker
2068591623:31765 Christopher Passage Apt. 288:Ferguson and Sons:Mackenzie White
2065069156:8697 Bailey Springs Suite 457:Ramos, Anderson and Richmond:Michelle Carr
2022241360:292 Grimes Pines Apt. 563:Nash LLC:George Rice
2064178090:25823 Ramos Lodge:Miller-Jackson:Richard Day
2097643024:00449 Schneider Burg:Newton LLC:Mandy Shaffer
2043784910:9484 Boyd Rest:Gallagher-Fry:Heather Sloan
2022935304:543 William Overpass:Boyd, Wilson and Brown:Christine Novak
2075802557:146 Colleen Views:Cowan-Hines:Krystal Hale
2011093021:49583 Beasley Parks Apt. 783:Reid-Robinson:Tonya Anderson
2055222058:67930 Fletcher Dale Apt. 415:Mclaughlin, Hardy and Eaton:Curtis Lawson
2079788176:832 King Wall Apt. 934:Smith PLC:Scott Cunningham
2079213020:5455 Anthony Overpass Suite 363:Hall-Barker:Nicholas Payne
2090688914:27373 Mitchell Wall:Bernard, Ramos and Rodriguez:Sydney Mueller
2087655659:13740 Hurley Green Apt. 493:Knight-Stone:Calvin Escobar
2060252838:5550 Neal Spurs:Brown-Bryant:Robert Ryan
2042849422:571 Jermaine Ford Apt. 127:Ross, Summers and Evans:Mr. Michael Porter
2066874887:59738 Cobb Station:Haynes-Bullock:John Solomon
2001456486:42620 Chen Cove Suite 297:Chandler Inc:David Ortiz
2063350224:468 Megan Crescent Apt. 205:Willis Ltd:Anthony Jackson
2057190675:492 Gonzales Gardens Suite 778:Robles, Perez and Jones:Brandon Mcclure
2053656706:7417 Gregory Knoll:Dunn, Perry and Daniels:Steven Horton
2071984924:95203 Phillips Radial:Fox, Rodriguez and Cruz:Michael Kelly
2063246416:7950 Michelle Rue Suite 775:Harrell, Butler and Diaz:Mrs. Amy Thompson
2093152099:68151 Curtis Junction Apt. 795:Brown, Moore and Prince:Scott Bennett
2082104138:8758 Barnett Plains:Manning, Rodriguez and Short:Christina Ibarra
2064415709:311 Rebecca Plains Apt. 305:Robinson Group:Emily Davis
2055910075:774 Walker Lane Suite 447:Cooper, Acosta and Combs:Dr. Jon Rose DVM
2030097213:7746 Jeffrey Ramp:Miller and Sons:Andrew Robles
2064160737:31735 Bell Crest Suite 682:Alvarez, Steele and Riggs:Antonio Patton
2053827848:28531 Mullen View:Patterson-Hudson:Sherry Saunders
2021259087:3042 Tasha Route Apt. 698:Figueroa, Smith and Robinson:Jennifer Wade PhD
2060097182:484 Anderson Track:Parks-Jackson:Daniel Miller
2062071347:687 Williams Mills:Schmidt, Smith and Bradley:Jason Allen
2099395826:541 Tara View:Miller, Marshall and Patton:Brooke Ortega
2008241859:50079 Caleb Radial:Hopkins Inc:Noah Walsh PhD
2064987889:9557 Sanford Ridge Suite 579:Flowers PLC:Diana Johnson
2009867806:86722 Chandler Trace:Walton, Coleman and Nelson:Melinda Robinson
2018620226:3275 Montoya Centers:Horton and Sons:Lance Griffin
2024266165:00249 Larson Squares Suite 081:Soto-Myers:Alyssa Butler
2030892917:4553 Brian Camp:Fleming, Smith and Hayden:Shawn Floyd
2055778731:450 White Junctions:Ramos and Sons:David Huynh
2064357669:058 Paula Meadow Apt. 348:Thompson LLC:Jeremy Schwartz
2084258468:491 Gilmore Viaduct:Hicks-Barry:Rachel Camacho
2089069504:861 Jeffrey Port:Thomas-Smith:Mary Woods
2021809334:55695 Jaime Club:Nixon LLC:Travis Harris IV
2015431541:72248 Holly Creek Suite 232:Weiss LLC:Kevin Warner
2042021276:8218 Aimee Causeway Suite 494:Wang-Miller:Katelyn Abbott
2087261002:063 Stacy Estates:Harris, Robinson and Abbott:Jason Reynolds
2067656456:56745 Jennifer Parks Apt. 362:Shaffer Group:Kenneth Barker
2054225355:05394 Todd Meadow:Mcgrath-Miller:Krystal Perez
2084022968:799 Martha Mountains:Daniels-Spencer:Jessica Robinson
2038173814:2989 Jennifer Lock Apt. 573:Gonzales-York:Andrew Jacobs
2069087248:508 Long Ports Suite 779:Gonzalez-Richards:Darlene Howe
2014274065:33061 Harris Union Suite 303:Ward, Friedman and Baker:John Hall
2017125975:39048 Ashley Fields:Clark-Holden:Doris Perry
2083346451:17311 Kathleen Corners Suite 372:Lopez, Dixon and Perez:Jaime Williams
2032060338:1034 Katrina Lights:Nelson, Nunez and Johnson:Judy Morris
2053461112:947 Long Squares:Cox-Vasquez:Monica Conrad
2083401094:799 Wright Port:Savage, Butler and Leonard:Kenneth Sullivan
2015537507:5493 Humphrey Fords Apt. 800:Hernandez-Sandoval:Felicia Rodriguez
2029238188:090 Pamela Vista:Daniel-Kline:Heather Weaver
2049786859:865 Flores Junctions:Mclean, Hunter and Morris:Steven Glover
2020954823:1617 Williams Grove:Short-Jones:Darrell Fisher
2070466556:888 Victoria Gateway Apt. 037:Hammond-Buchanan:Eric Robinson
2007452327:9888 Autumn Burgs:Hoover, Velez and Miller:Andrew Duran
2043980030:5537 Solis Estate Suite 082:Mcclain, Clark and Calhoun:Sandra Reeves
2065949787:79008 Foster Shoal Suite 888:Davis, Green and Reese:Brian Marshall
2012321449:12210 Reed Rest:Parker-Hayden:Crystal Taylor
2030756881:4019 Lee Road:Ruiz PLC:Dylan Wells
2045237275:351 Wendy Springs:Singh LLC:Jean Carter
2061788332:92759 Munoz Highway Suite 555:Alexander, Turner and Juarez:Laura Ortega
2045230549:57232 Ryan Island Apt. 531:Nash LLC:David Wang
2059835088:80777 Brown Mountain:Hunter-Reyes:Crystal Moore
2053765482:9703 Porter Gardens Apt. 408:Carpenter, Graham and Barr:Dana Khan DVM
2033885605:950 Sean Island:Tyler Ltd:Richard Davila
2056551372:7433 Heather Mountains:Garcia-Vang:Kylie Smith
2095388637:17923 Billy Turnpike:Villanueva, Robinson and Quinn:David Johnson
2033358385:658 Larry Trail:Pratt Inc:David West
2075690393:0800 Johnson Mountain:Morgan, Cardenas and Martinez:Alexis Garrison
2010737598:0154 Jeremy Fork:Dudley, Werner and Torres:Mackenzie Hughes
2091393227:027 Hill Path Suite 937:Nguyen-Knight:Daniel Morrow
2028574964:77316 Jones Ridges:Mcdowell, Pitts and Gonzalez:Matthew Sanders
2008127191:063 Kristin Drive Apt. 646:Joseph-Walters:Lisa Carr
2057838350:79565 Simon Lakes:May-Taylor:James Harris
2032631189:7031 Ralph Island:Tran-Marshall:Jessica Wilson
2075621884:4882 Lewis Lock:Conway, Smith and Hendrix:Kyle Maldonado
2046944431:343 Matthews Tunnel Apt. 599:Martin LLC:Sheila French
2052621959:99484 John Terrace:Smith Group:Samantha Clark
2046036528:03215 Kelly Walk Suite 473:Ponce Ltd:Jessica Garcia
2060350735:85626 Betty Mountain:Carter-Frederick:Ryan Barry
2074067456:6649 Terri Knoll:Vega, Wilcox and Dillon:Douglas Benjamin
2095277164:5260 Anthony Cape:Byrd Ltd:Carolyn Ward
2041030314:673 Taylor Lodge:Garcia PLC:Sheena Giles
2068081755:0107 Jackson Rest Suite 350:Bowers, Powell and Martinez:Kayla Proctor
2009547774:232 Webster Forest:Kirk-Roberts:Vanessa Mcneil
2080059157:208 Charles Row:Barker LLC:Victoria Green
2078515251:016 Rice Underpass Apt. 859:Gutierrez and Sons:Morgan Boyd
2016023323:79130 Heather Motorway:Flores-Lawson:Janet Harris
2038400870:0450 Briana Prairie:Craig-Bruce:David Watts
2030210395:827 Knox Isle Suite 869:Murray-Alvarez:Donna Bailey
2091710229:40018 Lewis Mills Suite 777:Lin-Perry:Raymond Rodriguez
2072881564:379 Steele Walks:Allen-Mendoza:Christopher Floyd
2000600196:639 Jared Corners Suite 520:Wilkins, Torres and Leach:Bryce Rogers
2040324746:184 Fuentes Causeway:Leblanc and Sons:Stephanie Phelps
2000400978:36246 Gonzalez Walks Apt. 324:Rice-Wu:Amber Richards
2019722187:0566 Wu Divide:Adams, Benjamin and Harris:Joseph Richardson
2088842258:178 Long Forges:Osborne, Phillips and Williams:Jason Wilson
2024372748:9725 Cindy Club Suite 031:Rodriguez Ltd:David Park
2068539376:2456 Potter Cape Suite 823:Mcneil, Rodriguez and Pollard:Monica Henry
2066614263:5383 Owens Walks Apt. 388:Bennett-Joseph:Carlos Kelly
2031703553:18604 Andrew Course Apt. 573:Mueller LLC:Christopher Aguirre
2012701778:8372 Johnson Estate:Perry PLC:David Robinson
2044348415:757 Kelley Springs:Nguyen-Carpenter:Vicki Stewart
2013440372:6854 Aguilar Heights:Hernandez, Maxwell and Smith:Laurie Decker
2060856690:39124 Thomas Underpass Apt. 367:Young LLC:Amanda Simon
2091844730:37176 Mcmahon Rapid Apt. 686:Ellis-Adams:Jon Marsh
2015938260:8358 Kenneth Extension Suite 373:Ross-Brown:Aaron Church
2024930341:3090 Carla Cape Suite 780:Smith, Jones and Williams:Steven Moyer
2076910251:4718 Cindy Viaduct Apt. 251:Bond-Morris:Troy Dixon
2019726398:1371 Guzman Plaza:Stevens-Bass:Amanda Heath
2042037032:250 Mason Locks Suite 869:Cole Inc:Blake Alvarez
2062397744:58364 Sherry Crossing:Williams, Stewart and Cline:Bryan Hamilton
2076532175:0450 Hurst Run Apt. 664:Mendez Group:Elizabeth Nash
2025836921:36427 Wendy Fall:Jones-Pacheco:Patricia Williams
2028173843:044 Bates Mount:Dudley, Fox and Mitchell:Connie Oconnor
2062421351:8686 Craig Pike Suite 809:Webb-Velazquez:Jared Pope
2059086053:4268 White Inlet Suite 611:Bishop-Smith:Matthew Rodriguez
2037439022:593 Ronald Freeway:Porter, Nelson and Phillips:Holly Johnson
2024710826:6933 Bray Row Apt. 279:Walker, Garcia and Quinn:Leslie Diaz
2016356231:699 Cook Fort:Ortiz-Perry:Jordan Murphy
2029613413:153 Conner Branch:Floyd, Pruitt and Oneill:Joel Taylor
2008266427:26919 Craig Island:Brooks-Mueller:Margaret Berry
2098064191:3308 Lutz Lakes:Wolf, Case and Burton:Andrew Rivera
2084436001:7511 Rios Vista:Lawrence-Bryan:Timothy Brown
2089207476:74618 Jared Alley:Davis, Dominguez and Alvarez:Peter Henderson
2033556735:4525 George Cliff:Smith, Moore and Klein:Lisa Howard
2039204533:5190 Alicia Flats:Sampson-Bennett:Johnathan Little
2006309007:602 Miller Forges Suite 710:Perry-Taylor:Michael Hines
2077998103:09482 Gibson Flat Apt. 711:Foster, Simpson and Mendoza:Nancy Sandoval
2068116844:9695 Garza Fall:Wallace, Gamble and Donovan:David Garrett
2025256733:2948 Wolf Square:Miles-Pierce:Ricky Green
2043831202:1225 Mueller Locks:Swanson and Sons:Morgan Henson
2017774679:89849 Ryan Crossing Apt. 140:Martinez-Davis:Nicole Fisher
2044369613:48607 Alvarez Stravenue Apt. 111:Wright Inc:Nicole Thomas
2088131911:43381 Huynh Stravenue Apt. 150:Robinson LLC:Ruth Willis
2083692826:08562 Myers Lodge:Ward, Carter and Stewart:Thomas Campbell
2004118236:5869 Moore Mills:Morgan Group:Kevin West
2095843289:703 Brown Green Suite 846:Moore PLC:Angela Holder
2005411124:80302 Andrea Valleys:Fletcher, Hudson and Marsh:Anthony Matthews
2077242162:4505 Bradford Parks:Serrano and Sons:Frances Yu
2004632422:27898 Chelsea Coves:Huffman, Butler and Myers:Megan Nelson
2095629984:4421 Denise Roads:Jimenez-Hammond:William Meyer
2033348368:7703 Smith Junctions Apt. 971:Willis-Jackson:Tara Stewart
2059064738:645 Davis Forest Suite 350:Moreno-Wu:Cindy Livingston
2089480178:85299 Figueroa Point Suite 574:Stephens Inc:Wendy Little
2011604299:36869 Kelly Tunnel Apt. 700:Young, Powell and Bailey:Nathan Todd
2015576416:70032 Jesse Points:Ross-Wiggins:Anthony Caldwell
2059622977:4668 Diaz Grove Suite 560:Simmons Inc:Alexander Miles
2085218184:471 Hardy Station Suite 320:Fernandez Ltd:Jack Thompson
2011963586:52517 Kevin Lane Suite 535:Brown-Carter:Jonathan Jones
2040366023:9548 Porter Center Apt. 560:Cross-Compton:Ann Quinn
2009671408:8261 Laura Unions:Kirk PLC:Heather Ray
2029993540:75459 Peck Cove Apt. 948:Atkinson-Shepherd:Lawrence Myers
2084860958:7179 Thomas Squares:Carey-Rowe:Eric Smith
2039690417:656 Jennifer Village:Gardner PLC:Timothy Russell
2057644551:637 Sandoval Throughway:Blake, Johnson and Johnson:Tina Schroeder
2056038553:19407 John Shore:Hill Inc:Stacy Burch
2068876709:8681 Rasmussen Underpass Apt. 642:Walsh-Smith:Dana Cobb
2094078212:88718 Troy Loaf:Oneill Inc:Casey Mclaughlin
2091972115:89605 Daniels Pine:Sherman Inc:Allison Sandoval
2063483933:3185 John Squares Suite 441:Jackson, Morgan and Smith:Casey Brown
2027329548:12767 Mary Valley:Norris Inc:Tiffany Morris
2069544103:34535 Patrick Meadow Suite 859:Freeman, Jordan and Baker:Rebecca Vaughan
2081245512:4215 Sullivan Track:Wallace-Mata:Joseph Knox
2032942451:840 Robert Freeway:Franklin Ltd:Heather Grant
2003118951:649 Dylan Walks Suite 203:Lee, Salazar and Huang:Janice Rivera
2065502783:804 Jessica Manors:Jones, Anderson and Hall:Donald Martinez
2073691508:15719 Lee Oval Suite 689:Riddle Inc:Darin Davis
2037793561:42907 Richard Mount Suite 471:Rivera-King:Elizabeth Hernandez
2066347241:2021 Floyd Locks:Martinez-White:Christopher Ross
2010856402:7095 Mckinney Drive Apt. 543:Torres, Johnson and Sutton:Troy Graham
2065333463:90828 Lopez Lights Suite 537:Howard Group:Deborah Day
2067587670:862 Elizabeth Field:Greene Group:Cheryl Franklin
2096761817:383 Katrina Crossroad Suite 827:Davis Inc:Chase Moreno
2033045749:55368 Cheryl Land Suite 563:Barnes, Clay and Erickson:Brian Keller
2045106037:5869 Johnson Walk Apt. 529:Wise-Ponce:Paul Potts
2092144609:86937 Frank Street:Mitchell Group:Laura Lee
2076275927:085 Smith Mountains Suite 876:Gonzalez-Diaz:Richard Moore
2035943603:154 Bailey Stream:Davidson, Thornton and Chapman:Lauren Johnson
2017372051:845 Joseph Inlet:Webb-Gibbs:Jennifer Morris
2024676354:9429 Baker Common Suite 572:Pena LLC:Dana Kim
2075694073:183 Andrews Walk Suite 110:Lopez, Shepard and Hughes:Kelly Hughes
2070310568:136 King Islands:Thompson, Kirk and Garcia:Victoria Coleman
2033859499:2043 David Stravenue:Elliott Ltd:Michael Taylor
2066592531:100 Gregory Ford:Drake Ltd:David Moran
2020571691:1443 Sean Stravenue:Leon-Hicks:Melissa Jones
2091281904:074 Moore Trace:Vazquez-Campbell:Morgan Jones
2096070357:789 Stephen Wells:Mcgrath PLC:Jeffrey Gay
2069870575:0775 Hayes Way Suite 247:Cook-Chen:Alexander Nguyen
2028947582:8521 Linda Meadows:Walsh Inc:Jared Reid
2091714332:447 Powell Knolls:Thomas Inc:Jason Kim
2062500629:7982 Danny Views Apt. 613:Mcdowell LLC:Shannon Woodward
2007515691:21488 Tina Stravenue:Riley Group:Dr. Denise Ford DVM
2090067937:30902 Dawn Coves:Smith PLC:Heather Garcia
2067586887:95225 Nelson Ridge:Schwartz Group:Alexander Mack
2058136303:925 Catherine Glen Apt. 471:Hart, Lewis and Hicks:Roy Pena
2017036356:372 Martinez Summit:Mcconnell, Wilcox and Green:Olivia Cole
2093330971:332 Paul Underpass:Montgomery Inc:Lindsay Freeman
2008264105:5896 Ryan Creek Apt. 908:Key PLC:Isaiah Johnson
2003215620:0104 Ross Bridge:Ruiz-Huffman:Deborah Frank
2007685130:1414 Hoffman Garden Suite 819:Hill and Sons:Christopher Moore
2011192140:27678 Phillips Prairie Apt. 970:Ortega, Williams and Taylor:April Smith
2090072117:42866 Horton Ridge:Lopez, Jordan and Ford:Anthony Quinn
2001124998:227 Joseph Road:Frazier, Reyes and Smith:Donna Mueller
2055844008:3920 Gregory Light:Perry Group:Anthony Long
2052195479:574 Mark Spring:Miller, James and Rice:Mark Roy
2036829396:116 Hood Burgs Suite 853:Cabrera-Lee:Christopher Brown
2001012736:668 Albert Flat:Smith, Cantu and West:Susan Turner
2023415444:710 Gerald Manor Apt. 525:Parrish-Singh:Kevin Johnson
2048361109:89324 Darryl Prairie:Boone-Russell:Gary Osborne
2049926543:13420 Sampson Mission Apt. 650:Coleman Inc:Jonathan Douglas
2083620635:653 Christopher Lock Apt. 563:Jones, Cardenas and Morgan:Trevor Fox
2033701692:17803 Blair Parkway Apt. 401:Rivers-Gilmore:Dorothy Davis
2021220443:49487 Jones Lodge Suite 142:Wagner-Moore:Sheryl Williamson
2085635782:330 Flores Spurs:Smith and Sons:Robert Baker
2081283315:810 Jackson Loop Apt. 130:Hayes, Thompson and Morris:Alyssa Luna
2016456860:316 Henderson Hill Suite 028:Holland, Rogers and Hunt:Morgan Jackson
2062523921:6785 Shannon Forges:Murray LLC:Brandi Robinson
2044401008:838 Dawn Village:Brown-Montgomery:Dwayne Thompson
2035394248:6484 King Heights Suite 952:Sanders Ltd:John Rodriguez
2024925065:72595 Eric Mews Apt. 453:Houston-Wagner:Dennis Blackwell
2027553767:1507 Brian Lakes:Young, Donovan and Johnson:David Moore
2022485686:24786 Wolf Valley Apt. 108:Andrews, Mcfarland and Bryant:Victoria Bryant
2049172164:64158 John Glens Apt. 535:Price-Cole:Daniel Henderson
2006081611:1497 Harding Mountain:Shelton-Turner:Joshua Lopez
2029347322:0714 Tiffany Brooks:Lee, Wade and Mcmillan:Sharon Carr
2021892680:02498 Nancy Land:Richards-Harris:Katrina Collins
2029971268:46805 Carlos Rest:Weiss-Woodward:Sheila Barton
2036685789:411 Lauren Lakes:Garcia-Dyer:Michelle Santana
2025688527:3852 Kathy Parks Suite 059:Shea, Farrell and Hughes:Amy Park
2075158118:110 William Bridge:Higgins and Sons:Samuel Steele
2025268365:57483 Stone Knoll Apt. 492:Taylor LLC:Jeremy Brown
2003630955:013 Chambers Skyway:Miller PLC:Diane Floyd
2091897149:63093 Fitzgerald Course Suite 673:Taylor LLC:Shelby Lawrence
2023902199:8068 Hernandez Islands:Li-Bright:Kyle Rogers
2052789872:04864 Heather Mountain:Acosta Inc:Aaron Jimenez
2043130598:0621 Jeremiah Key Apt. 550:Walton PLC:Andrea Moore
2070055799:09427 Gutierrez Avenue Suite 685:Ramirez LLC:Ross Johnson
2031268977:1962 Ochoa Drive:Williams Inc:Alicia Walsh
2041461903:21819 Jason Run Apt. 557:Bell, Hunt and Zimmerman:Kevin Madden
2030694684:6684 Stephen Springs Apt. 545:Mccoy-Duffy:Thomas Patterson
2009650041:6257 Sanders Knoll Apt. 558:Waters PLC:Bianca Carlson
2047082605:682 Jeremy Inlet:Jackson, Madden and Cole:Tasha Dunn
2097161933:162 Wright Port Apt. 229:Thomas Inc:Laura Wilson
2090251984:5074 Martinez Well Suite 043:Delacruz Inc:Heather Williams
2034220181:0370 Long Trafficway:Martinez-Schneider:Angela Moore
2076789511:08714 Tina Ville:Stevens-Harper:Cheryl Huynh
2002510316:7443 Robinson Fall:Levy PLC:Daniel Potter
2060925348:9957 Rebecca Fords Suite 244:Brown, Brown and Collins:Jacob Huff
2091414867:097 Harrington Junctions:Smith, Cooper and Simpson:Kelsey Collier
2024870511:2580 Jaime Well Suite 530:Keller, Mitchell and Zimmerman:Cynthia Rocha
2056692278:406 Jones Fords Apt. 096:Hayden, Thomas and Arias:Samuel Grant
2015201964:63877 Adams Gardens:Hall Ltd:Brandon Nelson
2051106895:206 Emily Villages Apt. 280:Zamora-Allen:Virginia Welch
2009012161:19829 Alexa Garden Apt. 768:Bauer-Tucker:Brandi Clark
2077550795:45359 Lonnie Rue:Hall-Goodman:Laura Kelley
2002604650:93163 Stuart Views Suite 653:Fleming-Romero:Kevin Gonzalez
2006550335:6479 Roberts Estate Suite 105:Jackson and Sons:Dale Lewis
2053618498:109 Melissa Common:Guerrero-Cruz:Dawn Anderson
2068575981:84715 Gonzalez Stream Apt. 518:Parker PLC:Rebecca Perry
2098904095:469 Lopez Fort Suite 213:Brown, Martin and Caldwell:Angela Collins
2013073519:877 Luis Dam:Carter-Terry:Gloria Stevens
2092644011:20903 Robert Gardens Apt. 221:Butler PLC:Debra Flores
2066331252:4917 Thomas Parkways Apt. 133:Miller, Campbell and Macdonald:Brad Schmidt Jr.
2074565798:482 Day Radial:Alvarez, Miller and Collier:Jeffrey Skinner
2052037602:4275 Anthony Summit Apt. 887:Leonard, Turner and Evans:Matthew Scott
2092580616:86832 Daniel Crest:Alexander, Wilson and Pennington:David Chambers
2065213286:7514 Erickson Divide Suite 860:Gallegos, Wilson and Brown:Charlotte Holland
2043980063:701 Trujillo Well:Jones-Scott:Jennifer West
2054583954:821 April Shores Apt. 280:Garcia-Collins:Jessica Small
2017427761:2666 Ruben Route:Webb-Moore:Valerie Sellers
2058481990:24493 Angela Station:Lopez-Fox:Eric Erickson
2082258339:4434 Dennis Brooks Suite 170:Wise LLC:Christopher Winters
2030967363:32198 Molly View:Wagner, Browning and Richardson:Regina Wagner
2065105070:332 Kristine Wall:Castro, Moreno and Wilson:Ian Obrien
2084528107:274 Griffin Shoals:Watts-Vazquez:Sandra Mccullough
2033111361:058 Hamilton Orchard:Young, Underwood and Wright:Jason Taylor
2085648977:6918 Rivera Stravenue Apt. 211:Foster-Kelly:Christopher Moore
2006678031:3097 Rivera Loaf Apt. 212:Lane PLC:Courtney Kim
2021257735:853 Baird Parkway Suite 510:Duncan, Crosby and Davis:Teresa Kane
2006157200:8471 Garcia Port Suite 115:Moran-Terry:Katelyn Morgan
2025112385:5695 Watkins Well Apt. 934:Rodgers and Sons:Grant Young
2054058629:8728 Molly Cape:Valentine-Johnson:Patricia Garcia
2087402438:50083 Washington Summit Suite 544:Chambers LLC:Tara Baker
2075607196:9502 James Points Apt. 356:Miller Group:Julie Davidson
2075272998:4710 Smith Trail Apt. 348:Cruz PLC:David Sheppard
2088033130:8689 Amanda Trail:Wheeler LLC:Craig Ryan DDS
2086553561:25028 Shirley Greens:Hill LLC:Justin Jones
2096816956:866 Franklin Mill Apt. 582:Hopkins-Cruz:Ashley Patterson
2057430253:869 Sharon Mount:Medina, Henderson and Richards:Bradley Vasquez
2048045894:3999 Kimberly Lane:Martinez-Morales:Travis Jones
2030453459:58733 Donna Isle Apt. 046:Adams-Warner:Charles Hart
2089184721:6332 Michelle Club:Miller-Schwartz:Ethan Hicks
2002222623:535 Jodi Ville:Dixon PLC:Victoria Turner
2075944922:74752 Michael Lights:King, Kramer and Leon:Nancy Bell
2042903926:18205 John Isle Suite 381:Payne, Sullivan and Adkins:Patricia Bryant
2047269341:739 William Causeway Suite 378:Reynolds PLC:Michael Griffith
2047961396:783 Elaine Vista:Lopez PLC:Jerry Taylor
2085023668:3916 William Rapid:Wolf Group:Mercedes James
2028842096:4224 Danielle Rue:Lewis, Espinoza and Garcia:Kayla Zhang
2023734749:00882 David Radial Apt. 430:French-Frank:Jessica Jones
2072815181:8469 Daniel Prairie Apt. 847:Santiago Inc:Carol Robertson
2060721201:131 Kelly Estate Apt. 465:Love Inc:Derrick Perez
2056907879:3454 Victoria Islands:Scott-Burch:Michael Lyons
2013104271:2917 Traci Ports:Thompson-Henry:Derrick Gibson
2028682051:649 Montgomery River Suite 135:Turner-Pham:David Barrett
2089640722:552 Hamilton Camp Apt. 002:Richardson PLC:Sara Hamilton MD
2000111111:5347 Christopher Neck Apt. 379:Rodriguez PLC:Michael Castillo
2022497835:05126 Medina Squares:Kline-Sellers:Stacie Chavez
2014450908:7617 Jean Heights:Taylor, Wallace and Richards:Peggy Horton
2072104226:583 Lindsey Points:Myers Ltd:James Ramos
2069709820:0387 Fisher Junctions Apt. 076:Brown, Reyes and Howe:Kristine Glass
2002658649:26752 Ritter Avenue Suite 530:Mckee and Sons:Catherine Cruz
2056512788:38576 Rodriguez Terrace Suite 946:Green, Garcia and Orozco:Christopher Wilson
2035359213:5726 Vasquez Radial Apt. 240:Mckenzie, Jenkins and Lopez:Scott Garcia
2015599672:81124 Kara Route Suite 203:Smith, Montgomery and Hughes:Amanda Graves
2016877559:06870 Wood Row Suite 084:Kerr, Martinez and Ayers:Angela Graham
2026962068:1949 Rodriguez Ferry Suite 744:Santana-Harris:Brent Davis
2095935384:896 Kent Groves:Gray-Kim:Betty Hill
2099331441:0673 Eric Shoal:Whitehead, Gray and Sanders:Erika Clark
2089310155:04322 Griffith Crest Apt. 081:Ramsey, Duffy and Gutierrez:Craig Todd
2043400173:561 Timothy Orchard Suite 911:Dorsey, Wright and Klein:Rebecca Williams
2009017663:93602 Jennifer Centers Apt. 855:Wood, Schmidt and Mcdaniel:Monica Peters
2021710344:8595 Nielsen Parkway Suite 255:Lee, Hurst and Shaw:Tracy Petersen
2091960831:86029 Michael Junctions Suite 228:Lyons, Lambert and Young:Rachel Clements
2010310689:5015 Melanie Circles:Clark Ltd:Sherry Holden
2012185998:388 Gail Knolls:Griffin, Andrews and Johnson:Monica Wright
2037244472:985 Sparks Estate Apt. 152:Jacobson-Rhodes:Matthew Smith
2040571451:507 Alison Creek:Hicks, Jones and Flores:Jeff Wallace
2002368405:5168 Gilbert Road:Brown, Allen and Reynolds:Chelsea Gonzales
2088934757:0111 Patel Terrace:Mercado, Jimenez and Johnson:Nicole Lowe
2031140260:620 Osborne Ville Suite 941:Reese PLC:Mary Rodriguez
2054251792:343 Lewis Shoal:Baker-George:James Allen
2072625404:424 Kevin Inlet Suite 889:Atkinson, Young and Mills:Patricia Monroe
2087736671:09928 Whitney Harbor:Mcclain LLC:Alyssa Haynes
2090723807:49321 David Heights:Dunn, Burns and Bauer:Gregory Garcia
2090012828:7597 Buchanan Corners:Stevenson, Meyers and Robinson:James Lee
2007716945:3437 Brown Dale:Clayton-Williams:Joseph Johnson DVM
2022138661:83958 Davis Village Suite 431:Cruz-Castaneda:Patricia Schmidt
2012547790:872 Emily Ridges Apt. 894:Scott Group:Jennifer Smith
2007723091:285 Craig Forge Apt. 024:Duke, Rodriguez and Moore:Juan Hendrix
2029663130:06195 Mcbride Cliff:Howard, Petty and Blackwell:Joseph Campbell
2045496567:6284 Tonya Motorway Suite 621:Pearson-Graham:Virginia Webster
2034813826:37034 Mitchell Gardens:Weiss LLC:David Brown
2098600017:12446 Black Forges:Garcia PLC:Joseph Leonard
2094478396:07115 Rogers Key:Nelson and Sons:Kristen Johnson
2021333752:95227 Martinez Tunnel Apt. 629:Scott and Sons:Suzanne Rollins
2064811188:074 Lozano Views:Jimenez-Wong:Adrienne Espinoza
2014778857:77582 Wilkins Garden Suite 467:Joseph Ltd:Rebecca Mitchell
2017655412:77611 Nicole Mission:Rivera Ltd:Bradley Malone
2061387973:58038 Fischer Lake Suite 247:White, Martinez and Richardson:Jesse Washington
2017743400:030 Taylor Ferry Apt. 942:Allen, Chan and Scott:Jonathan Velez
2076292383:143 Owens Rest Apt. 758:Rodriguez-Roberts:Susan Young
2030723792:124 Smith Throughway:Mcdowell and Sons:Michael Reed
2027022958:0474 Robert Wall:Baird and Sons:Stacey Jones
2027117026:968 Willis Estates Apt. 409:Potts Inc:Charles Gardner PhD
2093538191:5674 Bond Lodge Apt. 044:Gross-Martin:Candice Mcgee
2077656990:9331 Yates Camp:Brooks, Griffin and Odom:Madison Brown
2028004488:9841 Lynn Lakes:Robinson and Sons:David Rogers
2023785967:95439 Byrd Square Suite 248:Navarro-Jackson:Stephen Mayer
2073496735:6955 Howard Overpass Apt. 384:Nielsen-Fritz:Amy Richardson
2073069496:082 Andrew Course Apt. 124:Clark, Ellis and Hanna:Susan Byrd
2093624066:03205 Leblanc Glens:Green, Smith and Benton:Brian Diaz
2048398747:918 Brown Village Suite 953:Cole Group:Paul Gonzalez
2083404137:03485 Jones Villages Apt. 777:Stone, Davis and Kidd:Shannon Fox
2012072822:32310 Carlson Parks Apt. 038:Maldonado Group:Steven Richardson
2031477732:2233 Emily Pines Suite 353:Harrington PLC:Trevor Joseph
2069248666:140 Rodney Glen:Quinn-Hopkins:Peter Le
2032410611:16700 Jefferson Run:Mckinney and Sons:Joyce Cruz
2022890595:62819 Suzanne Hollow Suite 514:Morgan Ltd:Mitchell Gray
2036361705:740 Thomas Villages:Hill-Harvey:Benjamin Mcmillan
2071052887:2837 Andrew Roads Apt. 738:Sanchez-Gill:Jennifer Nicholson
2078893090:8678 Timothy Grove Apt. 118:Ball Group:Matthew Hayes
2015583946:926 Baldwin Shores:Johnson-Rodriguez:Patricia Dennis
2044729090:595 Mccarthy Trafficway Apt. 865:Webb-Patton:Kelly Wolf
2085541349:2169 Mullins Loaf:Young Ltd:Anthony Boone
2040318407:906 Anderson Inlet:Hoover, Williams and Burke:Mr. John Huynh
2089452249:9603 Keith Fords:Graham-Webster:Melissa Manning
2049872425:93330 Courtney Curve Apt. 044:Bennett-Chavez:Katrina Rivera
2077788085:79720 Amanda Union:Anderson, Reyes and Barnett:Jonathan Mitchell
2020510163:80571 Pena Branch:Mitchell, Davidson and Contreras:Laurie Harper
2065325798:0348 Cole Garden Suite 482:Leach LLC:Brianna Huynh
2094421120:559 Conner Points Suite 215:Hernandez-Henderson:Ian Clark
2067157691:285 Tate Junction Suite 097:Flores-Moore:Juan Fox
2006656542:2973 Gibbs Bypass:Cain-Martinez:Thomas Floyd
2079376087:00774 Rebecca Island Suite 296:Stewart-Bush:Amanda Taylor
2084730853:9914 Smith Grove Suite 171:Lopez-Nguyen:Nathaniel Williams
2037296154:0623 Caldwell Oval Apt. 334:Campbell-Travis:David Morales
2061076784:918 Ashley Park Suite 576:Cook-Estrada:Jeffrey Vargas
2041577227:950 Alexis Roads Apt. 398:Kennedy-Robinson:Andrew Mitchell
2015799404:11990 Glenn Canyon:Houston, Mahoney and Lawrence:Melanie Watkins
2026406692:108 Sandra Club Suite 093:Houston-Briggs:Elizabeth Ware
2099293679:1961 Kenneth Lock:Perez, Brandt and Livingston:Robyn Vargas
2057564392:5252 Estrada Light Apt. 652:Pena-Schmidt:Benjamin Cordova
2092787625:87391 Michael Views Apt. 480:Ray-Payne:Thomas Martinez
2021892494:84650 Eric Crescent:Duncan and Sons:Devin Martinez
2014784738:180 Brian Lake:Huynh Ltd:Joshua Rivas
2031305596:535 Denise Parkway:Castro, Fields and Cunningham:Donna Young
2029424339:04641 Robinson Parkway Suite 515:Ortiz-Peters:Matthew Baker
2026588146:2039 Johnson Heights Apt. 875:Rivera, Jones and Walker:Erin Martinez
2016590751:7386 Lucas Locks Suite 959:Rose-Webb:William Moyer
2052652069:77824 James Ferry Apt. 996:Johnson and Sons:Michelle Davis
2095690145:6246 Harding Square Suite 417:Green-Vasquez:Brenda Hoffman
2000245243:94876 Washington Ports:Walton Ltd:Joseph Cohen
2069505973:258 Benton Lights Apt. 058:Martin, Brown and Oliver:Brandon Moon
2018624571:7547 Morgan Ville:Fields Group:Sherry Hernandez
2077732850:278 Brittany Gardens Suite 242:Kemp, Rodriguez and Parker:Jennifer Shah
2005424268:8581 Young Estate:Gomez, Robinson and Wright:Brian Thomas
2091134831:2938 Jennifer Shoal Suite 242:Cantrell, Brown and Aguilar:Brianna Stone
2090606514:468 Hines Ville Suite 869:Oliver-Wade:Carrie Jackson
2014238761:45882 Edward Motorway Apt. 075:Coleman, Gamble and Vaughn:Ryan Lopez
2090800616:415 Thomas Pass:Hancock, Chavez and Smith:John Nash
2011021136:008 Butler Causeway:Mccormick LLC:Mark Anderson
2006472238:251 Johnson Isle Apt. 400:Lloyd-Johnson:Brenda Lopez
2003545707:61861 Joseph Garden:Carpenter PLC:Michael Phillips
2044078812:451 Daniel Throughway Suite 259:Petersen-Ramos:Brenda Kelly
2028611378:6096 Gregory Summit Suite 482:Young, Sutton and Rodriguez:Brandon Walker
2057064642:815 Robert Road Suite 956:Boyer, Castro and Sanders:James Phillips
2016395356:0312 Mindy Field Suite 286:Jones Group:Kari Price
2026986892:873 Riley Crest Apt. 044:Bryan-Payne:Isaac Ortiz
2000122913:6564 Daniel Common Apt. 504:Clark Group:John Jensen
2074804369:08332 Heather Common Suite 796:Murphy, Barnes and Murphy:David Cooper
2090060554:21009 Benjamin Shore:Campos PLC:Jessica Williams
2084658942:71061 Proctor Port Suite 859:Moore, Cuevas and Bailey:Stacy Arellano
2048163072:24013 Jacob Mountain Suite 988:Hernandez-King:Richard Nguyen
2087678414:229 Tricia Locks:Knight Group:Dr. Thomas Page
2046155841:869 Leonard Mall:Mclean-Harris:Jeremy Flores
2034902929:64856 Hernandez Ferry:Thompson-Swanson:Christine Wolfe
2062335505:8530 Angela Trail Apt. 375:Mullins-Diaz:Shawn Leon
2075144034:972 Hughes Locks:Sanders PLC:Michael Sutton
2087387289:0202 Tammy Fields Apt. 187:Castaneda, Fisher and Hawkins:Kathryn Davis
2029439999:24652 Mann Plaza:Garcia-Bennett:Bryan Montgomery
2074985113:3762 Ryan Prairie Apt. 753:Hernandez-Brewer:April Peterson
2055601914:879 Kelly Field Apt. 677:Wilson Group:Sheri Mclean
2023034045:533 Garcia Inlet Apt. 712:Cisneros, Warner and Garcia:Ronald Haley
2045125499:41001 Branch Plains:Oliver, Day and Guzman:Kathy Mosley
2026738287:8870 Shields Branch Suite 748:Weaver, Bolton and King:James French
2088328237:6628 Martinez Springs Suite 764:Tucker-Smith:Heather Ayers
2099081716:838 Charles Wells Apt. 005:Wiley, Bryant and Mcguire:Amber Gray
2075467719:951 Miles Forges Suite 071:Vazquez, Barrera and Clark:James Lloyd
2049110845:13371 Shaw Courts:Lopez Group:Shannon Lopez
2008977476:71062 Ashley Mountains Apt. 049:Rush-Lynch:Marvin Taylor
2050862810:25008 Gregory Isle:King PLC:Shannon Warren
2084540453:1550 Kimberly Place Apt. 204:Moody, Booker and Peck:James Jones
2038931319:19647 Gina Green Suite 415:Murphy-Wallace:Brenda Johnson
2080952760:74937 Irwin Vista Suite 384:Reyes Group:Tiffany Williams
2075619978:1460 David Camp Apt. 620:Rivera PLC:Joshua Coleman
2048531143:87389 Dawn Green:Barnes PLC:Peter Peterson
2075605376:73501 Michael Falls Suite 340:Holland-Valenzuela:Henry Braun
2023977205:2781 Hurley Brook:Chan Ltd:Rachel Briggs
2087110669:3567 Peter Hollow:Perkins, Sullivan and Parker:Steven Watts
2062980260:09576 Michael Track:Brown PLC:Leonard Warren
2050763034:0011 Ryan Park:Galloway-Moore:Andrea Rice
2014408043:2265 Adams Center:Jones-Gardner:Angela Hall
2086022503:58535 Michael Stream:Robinson, Roberts and Bradley:Cindy Hernandez
2083288568:976 Sophia Burg:Wells, Lyons and Ward:Ryan James
2091322251:8206 Hahn Tunnel Suite 983:Harrison, Freeman and Smith:Michael Strong
2070299211:918 Swanson Roads:Jackson, Young and Hernandez:Sarah Boyd
2070513807:1913 Morse Causeway Apt. 635:Wilson-Taylor:Dominic Roberts
2038420830:9298 Thomas Point:Williams, Rios and Swanson:George Clark
2055346905:41912 David Unions:Smith Ltd:Natalie Wright
2087430211:87612 Lee Center:Rivera LLC:Paul Contreras
2023656538:0658 Nichols Crossing Suite 176:Caldwell-Campbell:Krista Rojas
2091448019:8929 Harvey Fall Suite 183:Powell-Bray:Lisa Vargas
2091681388:3385 Lisa Creek:Daniel, Vargas and Thomas:Jessica Rodriguez
2010426789:5979 Samuel Summit Suite 589:Marquez, Cooke and Dunlap:Michelle Ortiz
2011564442:095 Kim Mountain Suite 389:Clarke PLC:Taylor Taylor
2060737494:274 Eaton Throughway Apt. 598:Brown, Andrade and Bishop:Austin Walker
2013193099:55571 Angela Circles:Mcclure, Bentley and Miranda:Stephen Hernandez
2049438550:31492 Nash Corner:Keller, Smith and Fowler:Terri Campbell
2056368989:50204 Garza Heights Suite 949:Miller Ltd:Donald Hernandez
2018030053:192 David Forks:Knight-Ellis:Brian Mcdonald
2072378289:593 James Mission Apt. 867:Mcclain-Clark:Sandra Zuniga
2007337055:305 Christopher Hollow:Wilson, Burke and Fuller:Erik Johnson
2033128035:044 Paul Avenue Apt. 219:Cox and Sons:David Singleton
2090800255:47074 Morrow Skyway:Jones LLC:James Harris
2035050946:33809 Ayala Crossing:Owens, Riley and Spencer:Kevin Baker
2065786423:3374 Stevens Parkway Suite 784:Patton-Hill:Steven Frost
2095033539:10768 Salazar Glen Suite 198:Carney-Rogers:Crystal Marquez
2016436005:645 Lopez Neck:Harris LLC:Hailey Barber
2035877700:238 Jones Via:Wagner-Underwood:Andrew Walker
2032853932:783 Fleming Underpass:Preston Inc:Steven Simpson
2065476603:97786 Clayton Inlet:Hahn, Jackson and Edwards:Laura Curry
2076789424:5269 Lori Green Suite 184:Hunter LLC:Jesus Key
2066295728:596 Mendoza Hill Apt. 265:Brooks-Torres:Cheryl Pham
2014704548:30323 Amanda Valleys:Butler-Velasquez:Becky Williams
2093160084:6095 Nicholas Village Apt. 743:Johnson Ltd:Wanda Marks
2027772008:2639 Ellis Extension Apt. 638:Green, Pacheco and Davidson:Tiffany Murphy
2096041821:227 Kathryn Haven:Hall-Clark:Michael Olson
2065036793:682 Hunt Lodge Apt. 901:Munoz PLC:Kenneth White
2068591623:720 Sandra Ridges:Adams, Lindsey and Gutierrez:Theresa Dean
2065069156:4054 Callahan Crossing:Bryant LLC:Lindsay Graham
2022241360:2738 Thomas Greens:Rios-Jones:Jessica Davis
2064178090:60036 Hobbs Corner Suite 186:Santiago, Haley and Newton:Suzanne Hebert
2097643024:79949 Clark Course:Nguyen Inc:Denise Wilson
2043784910:042 Edwards Mall:Brooks, Ellison and Hernandez:Tammy Green
2022935304:5627 Oliver Harbors:Johnson Ltd:Mrs. Brittany Stewart
2075802557:347 Thomas Drives Apt. 725:Murphy-Trujillo:William Lucero
2011093021:81233 Harmon Hill Suite 305:Everett-Williams:Johnny Howard
2055222058:474 Cruz Rest Suite 326:Cooper, Cohen and Hoffman:Jennifer Moody
2079788176:545 Lawrence Rapids Apt. 098:Owens Ltd:Vincent Hansen
2079213020:10909 Johnson Branch Apt. 324:Horne and Sons:Nancy Hobbs
2090688914:1582 Brooks Rest:Alvarado and Sons:Richard Parks
2087655659:3178 Brandi Walks:Reeves-Jacobs:Andrew Woods
2060252838:5188 Misty Skyway Suite 086:White, Carlson and Phillips:James Smith
2042849422:7463 Nicole Branch:Woods, Lopez and Wood:Brad House
2066874887:95410 Brown Islands:Mayer and Sons:Stefanie Mueller
2001456486:9181 Miller Summit:Turner, Herman and Cortez:Kayla Jackson
2063350224:705 Thompson Port:Ruiz Inc:Keith Clark
2057190675:649 Jackson Heights Suite 766:Jacobs Group:Monique Mora
2053656706:3976 Moore Trafficway Apt. 043:Conner, Bailey and White:Jeffrey Ball
2071984924:73004 Newman Forges Suite 522:Blackwell, Reyes and Rocha:Theresa Aguilar
2063246416:668 Turner Harbor Apt. 193:Sanders-Clark:Tanya Wilson
2093152099:18170 Jessica Mountain Apt. 139:Hart, Morris and Brown:Michael Brown
2082104138:583 Teresa Brooks Suite 848:White-Garrett:Christine Davis
2064415709:904 Stevenson Tunnel Suite 726:Cohen-Chandler:Roberto Maxwell
2055910075:2254 Smith Spring Suite 458:Turner-Mcgee:Vanessa James
2030097213:0407 Franco Passage:Gray LLC:Susan Andrews
2064160737:8002 Michelle Place Apt. 885:Sharp-Pruitt:Stephanie Hall
2053827848:339 Dana Pines:Nixon-Brown:Jamie Robinson
2021259087:6107 Lorraine Row Suite 280:Lam, Perez and Coleman:Keith Zuniga
2060097182:3845 Richard Ports:Wiley, Hudson and Garcia:Robert Tucker
2062071347:55984 Lawrence Springs Suite 750:Mcdowell and Sons:Angela Fitzgerald
2099395826:43476 Damon Springs:Wilcox-Gonzalez:Alexandra Beck
2008241859:97975 Jennifer Place:Nichols and Sons:Lisa Summers
2064987889:40955 Eric Creek:Hernandez-Bauer:Dana Mueller
2009867806:944 Williams Hills Suite 265:Guzman-Banks:Amy Gaines
2018620226:14752 Megan Center Apt. 909:Lee, Weaver and Le:Christian Walker
2024266165:813 Shelby Stravenue Apt. 570:Gilbert and Sons:Joseph Clark
2030892917:37762 Mary Plaza Suite 116:Wilson and Sons:Donna Moore
2055778731:14929 Emily Causeway Suite 202:Kelley, Willis and Jimenez:Susan Andrews
2064357669:67153 Timothy Harbors:Munoz-Hunt:Larry Allen
2084258468:8908 Gross Pass Apt. 558:Bean and Sons:John Gilmore
2089069504:13376 Amy Dale Suite 236:Lee-George:Edwin Scott
2021809334:33253 Martinez Harbors Apt. 056:Vincent-Wilson:Steven Martinez
2015431541:309 Powell Rapids Apt. 163:Coleman PLC:Michelle Hall
2042021276:28035 Bryant Neck:Wood-Reynolds:Heather Alvarez
2087261002:2405 Walton Ridges Suite 483:Welch-Wallace:Jennifer Clarke
2067656456:1122 Gardner Station Apt. 851:Khan, Warner and Baker:Jeffrey Travis
2054225355:734 Alexander Ways Apt. 452:Henderson, Kelley and Cox:Jason Allen
2084022968:5515 Cantrell Burgs Suite 499:Wilson, Coleman and Bryant:Nicholas Lambert
2038173814:7735 Samantha Views:Wilson PLC:Donald Shelton
2069087248:2916 Phillips Street:Thompson Ltd:Susan Foley
2014274065:05833 Kelly Landing Suite 769:Werner LLC:Linda Fuller
2017125975:8308 Michelle Hill Suite 572:Brown-Flores:Brandon Valdez
2083346451:4912 Cordova Overpass Suite 660:Gonzalez, Mcdaniel and Anthony:Derek Bowers
2032060338:146 Carter Parks:Travis, Wright and Townsend:Michael Stewart
2053461112:345 Paul Forge:Atkins, Walker and Brown:James Gregory
2083401094:91968 John Park:Lopez-Jones:Kaitlyn Rodriguez
2015537507:373 Kenneth Summit:Chan LLC:Robin Howard
2029238188:45573 Richardson Coves:Roach, Horton and Thomas:Willie Smith
2049786859:8636 Thomas Estates:Jones LLC:Allison Park
2020954823:623 Trevor Corners:Jackson, Castro and Hernandez:Ryan Thomas
2070466556:85229 Holmes Harbor Apt. 962:Kaufman, Garrison and Bush:Michael Figueroa
2007452327:6670 Joseph Keys Suite 071:Andrews-Ayers:Brian Skinner
2043980030:6172 Lowery Route:Fleming, Graham and Davis:Crystal Baker
2065949787:398 Brown Mews:Richardson Inc:Richard Walls
2012321449:70081 Cruz Rapid:Ford, Meyer and Simpson:Heather Williams
2030756881:50634 Michael Parkway:Carter-Young:Kelly Torres
2045237275:336 Wade Plain:Whitaker Ltd:Alexander Graves
2061788332:34378 Jimenez Points:Allen PLC:Caitlin Houston
2045230549:85846 Ward Union Suite 928:Lowe-Adams:Alyssa Pope DDS
2059835088:792 Michael Cliff Apt. 783:Chambers PLC:Amy Peters
2053765482:428 Anthony Pine Apt. 051:Franklin LLC:Charles Garrett
2033885605:98631 Anthony Spurs:Lewis LLC:Megan Murphy
2056551372:185 Martin Groves:Allen, Harris and Clark:Antonio Griffin
2095388637:672 Kelsey Walk:Marshall, Green and Evans:Linda Taylor
2033358385:94172 Stacey Estate Suite 938:Smith Inc:Lynn Jackson
2075690393:5901 Jennifer Park:Reyes-Leonard:Michael Martin
2010737598:0894 Jimenez Trace Apt. 048:Henry, Stevens and Walker:Madeline Chan
2091393227:2567 Carol Wells:Vargas Inc:Courtney Shaw
2028574964:47309 Nicole Manor:Wright Inc:Christine Miller
2008127191:00282 Matthew Forest:Weber Ltd:Anthony Acosta
2057838350:8472 Webb Valleys:Sanchez, Castillo and Novak:Gabriel Cook
2032631189:805 Johns Stream:Mitchell-Smith:Ronald Christensen
2075621884:2756 Stephanie Neck Suite 429:Dillon-Mueller:William Smith
2046944431:5930 Scott Manor:Hunt-Dorsey:Thomas Kennedy
2052621959:20145 Hernandez Fords:Davis-Delgado:Peter Bradford
2046036528:42851 Sarah Mountain:Smith LLC:Jordan Clark
2060350735:57820 Kristen Parks Suite 473:Adkins-Mcdonald:Wendy Walsh
2074067456:93042 Phillips River Apt. 686:Williams, Burgess and Harrison:Andrew Bell
2095277164:119 Clark Parkways:Peck, Moody and Leonard:Cole Krueger
2041030314:77096 Hernandez Port:Carroll-Gonzales:Tristan Guerrero
2068081755:97533 Wright Drive Suite 952:Williams-Hill:Adrian Martin
2009547774:9987 Jose Viaduct:Barnes and Sons:Joy Jackson
2080059157:78348 Sheri Via Suite 576:Smith-Woods:Lauren Woods
2078515251:177 Mcdonald Islands Suite 799:Mullins Ltd:Phillip Ellis
2016023323:0623 Fitzgerald Park:Keller-Patrick:Kimberly Alvarez
2038400870:8642 Jordan Mews Apt. 353:Peterson Group:Leah Adams
2030210395:777 Stacy Shores Suite 891:Ward PLC:Tara Willis
2091710229:0439 Mendoza Ports Apt. 430:Hudson, Duke and Cordova:Denise Fox
2072881564:43526 Michelle Ford:Goodwin Ltd:Kiara Lee
2000600196:78685 James Forges Suite 632:Chavez-Moyer:Teresa Bryant
2040324746:21212 Russell Prairie Suite 537:Brown-Thompson:Lisa Soto
2000400978:26066 Woods View:Stewart LLC:Sean Kane
2019722187:4377 White Alley:Price-Johnson:Anthony Johnson
2088842258:193 Monica Mews Suite 536:Turner LLC:Stephanie Reed
2024372748:8315 Hoffman Trace Suite 185:Cruz, Hall and Ali:Chad Stephens
2068539376:67005 Murphy Manors:Edwards and Sons:James Bates
2066614263:31369 Tammy Springs Apt. 857:Wolfe LLC:Mark Hernandez
2031703553:7762 Kristin Hill Suite 352:Allen, Silva and Fowler:Amanda Dickerson
2012701778:77394 Michael Prairie:Richardson Ltd:Michael Molina
2044348415:78694 Lynch Mission:Williams Ltd:Christopher Doyle
2013440372:2878 Harrell Streets:Collins, Harper and Herrera:Jacqueline Campos
2060856690:3375 William Grove Apt. 966:Gray PLC:Robert Brown
2091844730:1991 Michelle Station:Chang, Peterson and Miller:Michael Johnson
2015938260:70184 Wolf Dam:Hamilton-Dean:Aaron Simmons
2024930341:065 Michael Camp:Malone, Aguirre and Melton:Heather Sanchez
2076910251:432 Cross Wall Suite 217:Pena, Jenkins and Tucker:Brooke Nelson
2019726398:027 Fox Ranch:Bailey Ltd:Lauren Payne
2042037032:7722 Burgess Dam Apt. 703:Mcintosh and Sons:Tamara Ball
2062397744:6984 Long Shore:Smith, Palmer and Moss:Stephanie Mitchell
2076532175:66293 Atkinson Mill:Little-Smith:Patrick Griffin
2025836921:541 Cindy Brook Suite 223:Cole Inc:Valerie Terry
2028173843:279 Bradley Loaf Apt. 094:Boyd and Sons:John Frank
2062421351:4715 Denise Meadows:Whitney LLC:Rhonda Booth
2059086053:321 Shannon Underpass Suite 089:Martinez, Caldwell and Wilson:Brandon Greene
2037439022:295 Andre Drive Apt. 495:Moreno, Chapman and Torres:Ashley Jones MD
2024710826:4464 Anderson Lakes:Peck Inc:Ashley Davis
2016356231:64893 Ryan Viaduct Apt. 326:Hughes LLC:Jocelyn Mendoza
2029613413:49755 James Mountains Apt. 402:Jackson-Martin:Keith Roberts
2008266427:053 Oliver Center Apt. 289:Craig, Scott and Mcpherson:James Jones
2098064191:51297 Phelps Via Apt. 241:Johnson, Molina and Everett:James Copeland
2084436001:7369 Eric Dale:Sharp, Thompson and Riggs:Brandon Graham
2089207476:006 Thomas Brooks Suite 014:Turner-Campbell:Danielle Vaughn
2033556735:852 Jenna Viaduct:Brown LLC:Brad Dickerson
2039204533:07538 Daniel Pine Suite 751:Lewis-Kim:Thomas Rubio
2006309007:966 Robert Gardens:Alvarez-Kelley:Larry Henderson
2077998103:746 Smith Course Apt. 290:Cochran LLC:Jacqueline Watson
2068116844:27314 Melanie Station Suite 736:Case, Stewart and Simmons:John Hudson
2025256733:68192 Moore Divide Suite 888:Romero LLC:James Armstrong
2043831202:49164 Sutton Estate:Cordova, Ryan and Howell:Christine Hill
2017774679:8038 Gray Tunnel Apt. 856:Thornton-Johnson:Rachel Rodriguez
2044369613:649 Amy Grove:Lynch and Sons:Anthony Shepard
2088131911:56241 Small Spring:Fritz Inc:Matthew Petersen
2083692826:716 Bryan Court:Escobar, Kennedy and Taylor:Joseph Davis
2004118236:37995 Smith Shoal:Hernandez, Bryant and Strickland:Katherine Martinez
2095843289:81907 Kim Park Suite 881:Jones-Perez:Scott Perez
2005411124:31393 Jeffrey Inlet:Flores and Sons:Katherine Barton
2077242162:472 Courtney Plains:Solis, Kerr and Morris:Anita Smith
2004632422:7219 White Coves Apt. 729:Rose, Smith and Ryan:Gina Goodwin
2095629984:4934 Lorraine Locks Suite 506:Howell, Baker and Donaldson:Mrs. Stephanie Garcia DVM
2033348368:02929 Turner Mountains Apt. 612:Simmons-Rodriguez:Christopher Diaz
2059064738:54345 Craig Groves:Brown-Harrell:Maria Tran
2089480178:9097 Gary Islands:Proctor-Moran:Austin Price
2011604299:9246 Perez Plains:Greer Group:Kimberly Juarez
2015576416:355 Alyssa Lodge:Knox PLC:Brian Smith
2059622977:339 Laura Turnpike:Hughes-Hogan:Jill Glenn
2085218184:0681 Linda Trail:Flores-Duarte:Lisa Stuart
2011963586:996 Brown Trafficway Apt. 445:Perkins, Williams and Harrison:Joanna Conway
2040366023:79781 Johnson Stream:Grant-Mills:Randy Nelson
2009671408:43652 Philip Landing:Woodward-Haney:Monica Sanchez
2029993540:29916 Aguilar Mountain:Waters Inc:Jacob Foster
2084860958:465 Miller Turnpike Apt. 996:Lynch Inc:Michael Green
2039690417:8438 Dunn Prairie Apt. 346:Smith, Smith and Hanna:Amy Potts
2057644551:84800 Villegas Stravenue Apt. 920:Smith-Moore:Angela Walker
2056038553:5810 Ashley Plaza:Carlson, Wheeler and Williams:Shawn Suarez
2068876709:49750 Brian Course Apt. 154:Fry PLC:Lindsay Huff
2094078212:5981 Mcneil Land:Burnett, Smith and Becker:William Hamilton
2091972115:4571 Tina Center:Rivera Inc:Kristin Burton
2063483933:84047 Sarah Camp Suite 541:Leblanc LLC:Christopher Huffman
2027329548:563 Walker Mountains Suite 704:Mills PLC:Shawn Bishop
2069544103:5070 Trevino Plaza Suite 148:Fowler, Rodriguez and Baxter:Barbara Robinson
2081245512:3535 Lane Keys Suite 026:Conner Inc:John Thomas
2032942451:71427 Christopher Vista:Long, Fleming and Wright:Rebecca Reeves
2003118951:90579 Melissa Island:Wong and Sons:Walter Palmer
2065502783:01648 Adriana Summit Apt. 896:Mcguire Group:Phillip Rodriguez
2073691508:7182 Stephanie Gateway Apt. 245:Mitchell and Sons:Bradley Huber
2037793561:21183 Philip Locks Suite 737:Newman, Larson and Colon:Natalie Lewis
2066347241:937 Odom Square:Murphy, Chambers and Davis:Cody Long
2010856402:040 Brian Stream:Martinez LLC:William Villa
2065333463:24168 Abbott Estate:Hanson-Wilson:Travis Schmidt
2067587670:15785 Allen Track:Wiley-Thompson:Johnny Curry
2096761817:578 Wolfe Cape:Morgan-Callahan:Michelle Lee
2033045749:246 Trevino Springs Apt. 764:Obrien-Williams:Andrew Peterson
2045106037:8958 Eric Springs Apt. 933:Mccall, James and Franklin:Jeffery Garcia
2092144609:438 Tara Stream:Jordan, Cortez and Evans:Jason Sloan
2076275927:361 Lori Cliff:Benton Inc:Melissa King
2035943603:601 Jeffery Causeway:Hoffman Ltd:Gilbert Thomas
2017372051:29747 Joseph Oval Suite 163:Adkins-Ramirez:Joshua Neal
2024676354:84674 Duran Keys Apt. 204:Welch-Gray:Donald Ward
2075694073:3468 Jesse Tunnel Apt. 924:Cruz, Joyce and Adkins:Wendy Williams
2070310568:486 Fernandez Corners:Sandoval, Shea and Aguilar:Adam Walker
2033859499:066 Thornton Fall Apt. 281:Sawyer LLC:Christian Lee
2066592531:5112 Kaitlin Lakes Suite 259:Torres LLC:James Robertson
2020571691:475 Tran Land:Adkins PLC:Christine Parker
2091281904:6207 Maria Orchard Suite 698:Liu, Dudley and Pena:Rebecca Combs
2096070357:9647 Jones Station Apt. 136:Williamson-Williams:Christopher Kennedy
2069870575:19226 Smith Mountain:Austin, Cook and Hernandez:Michael Williams
2028947582:75142 Jennifer Rue:Roberts-Hicks:Sally Miller
2091714332:492 Alexandra Falls Apt. 697:Smith, Dunn and May:Jennifer Wright
2062500629:41297 Shelly Ford:Russell, Reyes and Patterson:Elizabeth Diaz
2007515691:1409 West Parks Apt. 544:Hernandez-Horn:Kimberly Madden PhD
2090067937:6357 Stephanie Course:Christian, Martin and Travis:Joshua Jones
2067586887:5293 Howard View Suite 173:Nguyen PLC:Heather Sweeney
2058136303:23355 Madeline Garden Suite 167:Sullivan LLC:Linda James
2017036356:3144 Thompson Fields:Rogers, Wilkerson and Garrison:Tim Hamilton
2093330971:76492 Espinoza Ford:Horne, Wilson and Henry:Daniel Garcia
2008264105:5023 Cynthia Union:Watson and Sons:Karen Conley
2003215620:37620 Brianna Corners:Collins-Middleton:Michael Hunter
2007685130:08982 Cynthia Glens Suite 434:Raymond, Rivas and Jones:April Smith
2011192140:18618 Gilbert Curve:Mathis-Mason:Mark Lee
2090072117:92585 Wheeler Grove:Edwards, Wang and Roberts:Tracey Watson
2001124998:1846 Robert Streets:Martin, Fleming and Vasquez:Jerry Short
2055844008:089 Laura Locks:Anthony and Sons:Joseph Powell
2052195479:2490 Emily Pine:Zimmerman-Goodman:Adam Banks
2036829396:34277 Stephanie Ridge:Daniels, Schneider and Morton:Logan Gibson
2001012736:8646 Jeffery Meadow Suite 171:Boyd Ltd:Daniel Thompson
2023415444:82121 Smith Gateway Apt. 700:Simmons-Evans:Gregory Perez
2048361109:0683 Schwartz Grove Apt. 003:Love-Garza:Brittney Nguyen
2049926543:146 Mason Lake:Smith, Morrison and Morgan:Haley Skinner
2083620635:780 Collin Crossroad:Daniel and Sons:Michael Snyder
2033701692:88317 Orozco Island:Lin, Sherman and Garrison:Karen Brown
2021220443:65621 Randall Meadow:Powell, Ross and Valenzuela:Jared Mccarty
2085635782:26841 Gregory Ports:Burke LLC:Christina Marshall
2081283315:089 Michelle Knoll:Molina Group:Corey Duncan
2016456860:72771 Kristin Curve Suite 336:Everett-Owens:Andrew Petersen
2062523921:95084 Obrien Brook Suite 134:Mckee, Ross and Huffman:Lauren Anderson
2044401008:41132 Vargas Knoll Suite 266:Fischer, Ramirez and Jenkins:Kim Hendricks
2035394248:37594 Henderson Branch:Sparks-Guerrero:Kyle Kemp
2024925065:49477 Clark Cliff:Gomez, Ruiz and Montes:Stacey Mcclain
2027553767:870 Wright Spur:Smith, Vargas and Hawkins:Bryan Velez
2022485686:1277 Rebecca Glens:Lawrence, Cooper and Ross:Holly Salas
2049172164:69563 Lowe Underpass:Lewis, King and Neal:Cheryl Mack
2006081611:8864 Jessica Ville:Jennings, Booker and Miller:Adam Galvan
2029347322:45693 Harold Route:Terry Inc:Meghan Williams
2021892680:296 Paul Branch Apt. 427:Garrett LLC:Bradley Johnson
2029971268:2099 Alvin Flat:Freeman Inc:Kelly Mason
2036685789:325 Carter Isle:Johnson, Miller and Stone:Robyn Stanton
2025688527:66719 Barrera Plaza Apt. 398:Gibbs and Sons:Anthony Sims
2075158118:13144 Walker Junctions:Simmons Ltd:Dennis Woods
2025268365:0461 Reed Springs:Morales, Perez and Miller:Theresa Spencer
2003630955:33936 John Circle Apt. 930:Smith-Owens:Megan Marsh
2091897149:633 Paul Passage Apt. 014:Ramirez Ltd:Kevin Collier
2023902199:74103 Newman Spurs Apt. 319:Fernandez and Sons:Jeffrey Martin
2052789872:636 Suzanne Harbors Apt. 152:Miles and Sons:Angie Charles
2043130598:9973 Debra Stream:Warner-Soto:Heidi Black
2070055799:321 Moreno Lodge:Rogers Ltd:Sandra Johnson
2031268977:511 John Hills Apt. 971:Garcia Ltd:Sara Barker
2041461903:855 Michael Union Suite 757:Johnston and Sons:Lindsay Hoffman
2030694684:59537 Stevens Spurs Suite 530:Cook-Duke:Justin Robinson
2009650041:82052 Williamson Dam Suite 244:Patterson Ltd:Ian King
2047082605:6954 Spencer Passage Suite 202:Larsen, Schroeder and Curtis:James Stone
2097161933:95089 Craig River Apt. 915:Duarte-Willis:Miss Melissa Carr MD
2090251984:1181 Edwards Heights:Hughes PLC:Carrie Harrison
2034220181:09780 Lopez Lock Apt. 126:Jenkins Inc:Melissa Armstrong
2076789511:83823 Stokes Shoals:Sanchez PLC:Madison Graham MD
2002510316:4163 Hernandez Forge:Brown-Guerra:Jared Chambers
2060925348:0853 Mandy Loop:Rocha, Burgess and Grimes:Kimberly Cortez
2091414867:216 Alexander Union:Love-Kennedy:Miranda Melendez
2024870511:3123 Erica Ville Suite 084:Santos-Osborne:Kathleen Silva
2056692278:012 Johnson Crest:Barrett Ltd:Arthur Vazquez
2015201964:3256 Heidi Trafficway:Mcmillan, Miller and Jackson:Damon Edwards
2051106895:89329 John Gateway:Ramirez Ltd:Elizabeth Bennett
2009012161:002 Natalie Trail Suite 340:Johnston-Munoz:Richard Jones Jr.
2077550795:74918 Davis Village Apt. 432:Cunningham LLC:Robert Johnson
2002604650:69087 Miller Ville:Ellis-Hudson:Ashley Gibson
2006550335:58940 Michael Route Suite 171:Jenkins, Reyes and Robinson:James Simon
2053618498:33361 Aguilar Trace Apt. 274:Phillips PLC:Grace Lewis
2068575981:1112 Tucker Trace Apt. 978:Collins, Vaughn and White:Tina Oliver MD
2098904095:2632 Christina Falls Suite 244:Patterson Inc:Oscar Hunter
2013073519:919 Paul Circles Apt. 835:Peterson Ltd:Richard Mills
2092644011:933 Miller Mills:Short-Contreras:Peter Reese
2066331252:6513 Nicole Trail Suite 823:Morrison-Rivers:Brandy Austin
2074565798:24064 Terry Freeway Apt. 118:Garcia PLC:Jared Brooks
2052037602:159 Odonnell Divide:Smith and Sons:Paul Smith
2092580616:66323 Schmidt Corner:Martin Group:Joann Schultz
2065213286:35068 Tran Junctions Apt. 404:Johnson, Shaffer and Small:Justin Johnson
2043980063:66287 Ryan Brook Apt. 958:Griffin LLC:Charles Mercado
2054583954:069 Nicholas Summit Apt. 318:Jones, Chen and Waters:Kendra Williams
2017427761:2826 Timothy Dale:Jones Ltd:Dr. Kevin Morrow
2058481990:8802 Matthew Gardens:Yu LLC:Mr. Richard Smith
2082258339:71768 Fleming Port Apt. 337:Williams Group:Tiffany Miller
2030967363:8811 Ware Lakes:Rose Inc:Alexandra Rodriguez
2065105070:982 Coleman Village:Elliott, Hall and Brooks:Chelsea Carpenter
2084528107:33362 Lee Port:Chaney-Garcia:Nathan Taylor
2033111361:590 Hart Shore:Schroeder Ltd:Elizabeth Casey
2085648977:12644 Whitney Wells Suite 008:Huff PLC:Joseph Martinez
2006678031:15853 Benjamin Gardens:Rice PLC:James Douglas
2021257735:51198 Wang Skyway:Daniels-Watson:James Shaw
2006157200:6014 David Fork Apt. 874:Rodriguez Inc:Kimberly Tran
2025112385:24781 Wilson Pine:Moore, Campbell and Ramirez:Joel Garcia
2054058629:13750 Johnathan Manors Suite 583:Yoder-Ferguson:Amy Joyce
2087402438:4104 Knight Creek Apt. 698:Rogers, Gray and Combs:Jill Kelley
2075607196:495 Jessica Club:Davis-Henson:Elizabeth Carroll
2075272998:13571 Jennifer Mountains:Jones LLC:Catherine Hanna
2088033130:11684 Maria Burgs:Christensen LLC:Dr. Vicki Dougherty DDS
2086553561:572 Martinez Mission Suite 834:Cruz-Harmon:Jessica Hopkins
2096816956:0815 Bailey Island Apt. 818:King, Hines and Ramirez:Sara Powell
2057430253:43661 Gutierrez View Apt. 455:Dodson, Jackson and Wong:Ryan Olson
2048045894:8626 Cheryl Glen Apt. 015:Green, Ramos and Brown:Mrs. Nancy Roach
2030453459:80155 Cherry Wells:Simmons-Harrell:Miranda Allen
2089184721:793 Vincent Union Apt. 755:Stevens-Moses:Jonathan Williams
2002222623:753 Anthony Turnpike Suite 684:Fields, Castillo and Smith:Mr. Paul Mitchell
2075944922:733 Michelle Inlet Apt. 224:Sanchez Inc:Jennifer Howard
2042903926:530 Wall Throughway Apt. 517:Perez-Reid:Sergio Spencer
2047269341:45220 Daniel Parkways Suite 021:Maldonado-Mejia:Megan Baldwin
2047961396:7085 Marquez Stravenue:Vang and Sons:Tina Jones
2085023668:607 Garrett Inlet Suite 195:Williams, Wilson and Howard:Jasmine Gates
2028842096:9172 Madeline Place:Delgado, Larsen and Boyd:Tara Kline
2023734749:26280 Rachel Burg:Williams, Oliver and Heath:Christopher Smith
2072815181:9526 Jerry Shore Suite 177:Fernandez Inc:Douglas Johnson
2060721201:146 Paul Plaza Apt. 972:Robertson, Navarro and Miles:Briana Sanchez
2056907879:5523 Farrell Mall:Anthony Inc:Charlotte Rubio
2013104271:41167 Trevor Springs Suite 598:Hobbs-Morris:Maurice Johnson
2028682051:1667 Susan Via Suite 539:Manning, Levine and Gill:Joshua Spencer
2089640722:1543 Richard Mission:Parsons and Sons:Stacy Henry
2000111111:4342 Brown Harbor Apt. 969:Mendoza, Bauer and Petersen:Holly Shelton
2022497835:393 John Common:Davis PLC:Paul Martinez
2014450908:623 Burton Rue Apt. 070:Sutton-Pacheco:Latoya Warren
2072104226:138 Johnson Plain:Johnson, Powell and Price:Joy Acosta
2069709820:5010 Suzanne Trail:Jenkins-Calderon:Scott Richardson
2002658649:792 Daniel Course Apt. 730:Mendoza-Martin:Denise Hensley
2056512788:37898 Harris Drives:Palmer, Johnson and Keller:Alan Gates
2035359213:294 Michelle Lodge:Simmons-Reed:Vanessa Watson
2015599672:73987 Amanda Avenue Suite 097:Taylor, Stevens and Lopez:Jason Thomas
2016877559:2148 Madison Dam Apt. 560:Martinez, Frederick and Moore:Jose Stafford
2026962068:2243 Angela Common:Ruiz-Rich:Stephen Hanson
2095935384:618 Velez Walk:Hall-Harris:Hannah Stevenson
2099331441:034 Perez Lane:Harmon-Kim:John Snyder
2089310155:134 Aguilar Walk Suite 046:Smith, Cunningham and Perez:Carrie Williams
2043400173:5168 Linda Course Apt. 619:Ochoa-King:Christopher Lamb
2009017663:4646 Coleman Trail:Phillips-Arnold:Kayla Cameron
2021710344:902 Brian Brooks:Cameron Inc:Henry Scott
2091960831:3231 Russell Forest Suite 285:Taylor-Romero:David Thompson
2010310689:379 Elizabeth Mills Suite 837:Robbins, Rhodes and Mejia:Monica Velasquez
2012185998:2794 Andrade Path:Curtis PLC:Bradley Contreras
2037244472:30038 Turner Land Apt. 846:Gross LLC:Traci Lee
2040571451:20339 Holly Views:Clark Ltd:Chloe May
2002368405:3967 Jonathan Garden Apt. 170:Johnson, Sims and Moreno:Brandon Reid
2088934757:885 John Mountains Apt. 309:Keller, Hernandez and Lee:Meagan Anderson
2031140260:058 Regina Port Suite 837:Pruitt and Sons:Beverly Crawford
2054251792:73333 King Brooks:Wilson and Sons:James Jones
2072625404:84460 April Rest Suite 551:Myers-Morton:Katherine Love
2087736671:00019 White Freeway Apt. 517:Green, Cruz and Cruz:Diana Young
2090723807:5369 Burns Turnpike:Schmitt, Grant and Brooks:Erik Moore
